{
    "trial_number": 788,
    "base_score": 33.08319935436941,
    "local_min_score": 5.234494832248001,
    "retention": 0.15822214702329457,
    "local_gate": true,
    "objective_mode": "split_train_romd",
    "train_start_year": 2015,
    "search_train_end_year": 2019,
    "oos_start_year": 2020,
    "action": "train",
    "created_at": "2026-04-20T17:03:03.195725+08:00"
}