{
    "high_len": 235,
    "atr_len": 3,
    "atr_buy_tol": 3.1,
    "atr_times_init": 1.7000000000000002,
    "atr_times_trail": 3.9000000000000004,
    "tp_percent": 0.51,
    "use_bb": true,
    "bb_len": 16,
    "bb_mult": 2.0,
    "use_kc": true,
    "kc_len": 30,
    "kc_mult": 2.5,
    "use_vol": true,
    "vol_short_len": 3,
    "vol_long_len": 17,
    "min_history_trades": 0,
    "min_history_ev": 0.10000000000000009,
    "min_history_win_rate": 0.59,
    "initial_capital": 1000000.0,
    "fixed_risk": 0.01,
    "buy_fee": 0.00039900000000000005,
    "sell_fee": 0.00039900000000000005,
    "tax_rate": 0.003,
    "min_fee": 20.0,
    "use_compounding": true
}