{
    "high_len": 245,
    "atr_len": 11,
    "atr_buy_tol": 0.30000000000000004,
    "atr_times_init": 2.9000000000000004,
    "atr_times_trail": 3.4000000000000004,
    "tp_percent": 0.0,
    "use_bb": false,
    "bb_len": 20,
    "bb_mult": 2.0,
    "use_kc": true,
    "kc_len": 30,
    "kc_mult": 2.1,
    "use_vol": true,
    "vol_short_len": 1,
    "vol_long_len": 28,
    "initial_capital": 1000000,
    "fixed_risk": 0.01,
    "buy_fee": 0.00039900000000000005,
    "sell_fee": 0.00039900000000000005,
    "tax_rate": 0.003,
    "min_fee": 20,
    "use_compounding": true,
    "min_history_trades": 5,
    "min_history_ev": -0.7,
    "min_history_win_rate": 0.56
}