{
    "trial_number": 700,
    "base_score": 28.34504017565038,
    "local_min_score": 19.712973613266964,
    "retention": 0.6954646559365707,
    "local_gate": true,
    "objective_mode": "split_train_romd",
    "train_start_year": 2016,
    "search_train_end_year": 2020,
    "oos_start_year": 2021,
    "action": "train",
    "created_at": "2026-05-03T13:31:21.949974+08:00"
}