{
    "trial_number": 19,
    "base_score": 9.069827668370046,
    "local_min_score": 7.783634958972072,
    "retention": 0.8581899506334151,
    "local_gate": true,
    "objective_mode": "split_train_romd",
    "train_start_year": 2023,
    "search_train_end_year": 2024,
    "oos_start_year": 2025,
    "action": "train",
    "created_at": "2026-04-21T02:48:21.573592+08:00"
}