{
    "trial_number": 966,
    "base_score": 15.666528172573544,
    "local_min_score": 7.833580599837927,
    "retention": 0.500020203171224,
    "local_gate": true,
    "objective_mode": "split_train_romd",
    "train_start_year": 2015,
    "search_train_end_year": 2018,
    "oos_start_year": 2019,
    "action": "train",
    "created_at": "2026-04-25T22:04:06.059211+08:00"
}