{
    "trial_number": 908,
    "base_score": 26.71444697662271,
    "local_min_score": 18.50492690710508,
    "retention": 0.6926936171764432,
    "local_gate": true,
    "objective_mode": "split_train_romd",
    "train_start_year": 2016,
    "search_train_end_year": 2020,
    "oos_start_year": 2021,
    "action": "train",
    "created_at": "2026-05-03T12:32:50.564759+08:00"
}