{
    "trial_number": 66,
    "base_score": 16.69821724827178,
    "local_min_score": 10.685365669104845,
    "retention": 0.6399105671122317,
    "local_gate": true,
    "objective_mode": "split_train_romd",
    "train_start_year": 2016,
    "search_train_end_year": 2020,
    "oos_start_year": 2021,
    "action": "train",
    "created_at": "2026-04-26T12:30:49.385863+08:00"
}