{
    "trial_number": 339,
    "base_score": 40.877323459577084,
    "local_min_score": 22.46372186336733,
    "retention": 0.5495399395604103,
    "local_gate": true,
    "objective_mode": "split_train_romd",
    "train_start_year": 2016,
    "search_train_end_year": 2020,
    "oos_start_year": 2021,
    "action": "train",
    "created_at": "2026-05-03T15:13:28.171222+08:00"
}