{
    "trial_number": 345,
    "base_score": 14.194026048528931,
    "local_min_score": 6.477791740894983,
    "retention": 0.45637451409118285,
    "local_gate": true,
    "objective_mode": "split_train_romd",
    "train_start_year": 2015,
    "search_train_end_year": 2018,
    "oos_start_year": 2019,
    "action": "train",
    "created_at": "2026-04-23T01:19:18.861467+08:00"
}