{
    "trial_number": 576,
    "base_score": 20.283976122958595,
    "local_min_score": 13.506842074335918,
    "retention": 0.6658872990413394,
    "local_gate": true,
    "objective_mode": "split_train_romd",
    "train_start_year": 2021,
    "search_train_end_year": 2025,
    "oos_start_year": 2026,
    "action": "train",
    "created_at": "2026-04-22T09:19:44.992131+08:00"
}