{
    "trial_number": 264,
    "base_score": 10.038700661610145,
    "local_min_score": 6.839193731101594,
    "retention": 0.6812827637401263,
    "local_gate": true,
    "objective_mode": "split_train_romd",
    "train_start_year": 2015,
    "search_train_end_year": 2018,
    "oos_start_year": 2019,
    "action": "train",
    "created_at": "2026-04-25T23:17:56.156511+08:00"
}