{
    "trial_number": 895,
    "base_score": 27.448720728719874,
    "local_min_score": 18.843802184319166,
    "retention": 0.6865093047707213,
    "local_gate": true,
    "objective_mode": "split_train_romd",
    "train_start_year": 2016,
    "search_train_end_year": 2020,
    "oos_start_year": 2021,
    "action": "train",
    "created_at": "2026-05-03T20:41:27.734316+08:00"
}