{
    "trial_number": 1325,
    "base_score": 37.941060073018335,
    "local_min_score": 26.682244470231215,
    "retention": 0.703255112505573,
    "local_gate": true,
    "objective_mode": "split_train_romd",
    "train_start_year": 2016,
    "search_train_end_year": 2020,
    "oos_start_year": 2021,
    "action": "train",
    "created_at": "2026-04-26T01:26:59.369435+08:00"
}