{
    "trial_number": 36,
    "base_score": 13.245732629051236,
    "local_min_score": 7.845798093657826,
    "retention": 0.5923264732408995,
    "local_gate": true,
    "objective_mode": "split_train_romd",
    "train_start_year": 2023,
    "search_train_end_year": 2024,
    "oos_start_year": 2025,
    "action": "train",
    "created_at": "2026-04-21T03:00:49.170214+08:00"
}