{
    "trial_number": 242,
    "base_score": 30.31950576378898,
    "local_min_score": 18.58605176480411,
    "retention": 0.613006422650916,
    "local_gate": true,
    "objective_mode": "split_train_romd",
    "train_start_year": 2016,
    "search_train_end_year": 2020,
    "oos_start_year": 2021,
    "action": "train",
    "created_at": "2026-05-03T10:45:16.923642+08:00"
}