{
    "use_bb": true,
    "use_kc": false,
    "use_vol": false,
    "atr_len": 7,
    "atr_times_init": 3.4000000000000004,
    "atr_times_trail": 2.1,
    "atr_buy_tol": 0.7000000000000001,
    "high_len": 143,
    "tp_percent": 0.07,
    "bb_len": 12,
    "bb_mult": 2.4000000000000004
}